"","grid","month","seed.trap","spp","dry.wt","number"
"1","Kaimai North East",2,"B2",NA,0,"0"
"2","Kaimai North East",2,"B5",NA,0,"0"
"3","Kaimai North East",2,"B7",NA,0,"0"
"4","Kaimai North East",2,"D2",NA,0,"0"
"5","Kaimai North East",2,"D5",NA,0,"0"
"6","Kaimai North East",2,"D7",NA,0,"0"
"7","Kaimai North East",2,"F2",NA,0,"0"
"8","Kaimai North East",2,"F5",NA,0,"0"
"9","Kaimai North East",2,"F7",NA,0,"0"
"10","Kaimai North East",2,"H2",NA,0,"0"
"11","Kaimai North East",2,"H5",NA,0,"0"
"12","Kaimai North East",2,"H7",NA,0,"0"
"13","Kaimai North East",5,"B2",NA,0,"0"
"14","Kaimai North East",5,"B5",NA,0,"0"
"15","Kaimai North East",5,"B7",NA,0,"0"
"16","Kaimai North East",5,"D2",NA,0,"0"
"17","Kaimai North East",5,"D5",NA,0,"0"
"18","Kaimai North East",5,"D7",NA,0,"0"
"19","Kaimai North East",5,"F2",NA,0,"0"
"20","Kaimai North East",5,"F5",NA,0,"0"
"21","Kaimai North East",5,"F7",NA,0,"0"
"22","Kaimai North East",5,"H2",NA,0,"0"
"23","Kaimai North East",5,"H5",NA,0,"0"
"24","Kaimai North East",5,"H7",NA,0,"0"
"25","Kaimai North East",8,"B2",NA,0,"0"
"26","Kaimai North East",8,"B5",NA,0,"0"
"27","Kaimai North East",8,"B7",NA,0,"0"
"28","Kaimai North East",8,"D2",NA,0,"0"
"29","Kaimai North East",8,"D5",NA,0,"0"
"30","Kaimai North East",8,"D7",NA,0,"0"
"31","Kaimai North East",8,"F2",NA,0,"0"
"32","Kaimai North East",8,"F5",NA,0,"0"
"33","Kaimai North East",8,"F7",NA,0,"0"
"34","Kaimai North East",8,"H2",NA,0,"0"
"35","Kaimai North East",8,"H5",NA,0,"0"
"36","Kaimai North East",8,"H7",NA,0,"0"
"37","Kaimai North East",16,"B2",NA,0,"0"
"38","Kaimai North East",16,"B5",NA,0,"0"
"39","Kaimai North East",16,"B7",NA,0,"0"
"40","Kaimai North East",16,"D2","Eladen",0.41,"1"
"41","Kaimai North East",16,"D2","Metful",1.91,"14"
"42","Kaimai North East",16,"D2","Metdif",0.03,"5"
"43","Kaimai North East",16,"D5",NA,0,"0"
"44","Kaimai North East",16,"D7","Daccup",0,"0.02"
"45","Kaimai North East",16,"F2",NA,0,"0"
"46","Kaimai North East",16,"F5",NA,0,"0"
"47","Kaimai North East",16,"F7","Ixebre",0.01,"1"
"48","Kaimai North East",16,"F7","Ixebre",0.16,"6"
"49","Kaimai North East",16,"H2","Ixebre",0.01,"1"
"50","Kaimai North East",16,"H5","Ixebre",0.11,"1"
"51","Kaimai North East",16,"H5","Ixebre",0.2,"12"
"52","Kaimai North East",16,"H7",NA,0,"0"
"53","Kaimai North East",22,"B2","Beitaw",1.66,"1"
"54","Kaimai North East",22,"B5",NA,0,"0"
"55","Kaimai North East",22,"B7",NA,0,"0"
"56","Kaimai North East",22,"D2","Daccup",0.01,"1"
"57","Kaimai North East",22,"D2","Metper",0.02,"3"
"58","Kaimai North East",22,"D5",NA,0,"0"
"59","Kaimai North East",22,"D7","Ixebre",0.08,"1"
"60","Kaimai North East",22,"D7","Prufer",0.04,"2"
"61","Kaimai North East",22,"F2",NA,0,"0"
"62","Kaimai North East",22,"F5","Ixebre",0.28,"1"
"63","Kaimai North East",22,"F5","Daccup",0.02,"1"
"64","Kaimai North East",22,"F7",NA,0,"0"
"65","Kaimai North East",22,"H2","Beitaw",0.58,"3"
"66","Kaimai North East",22,"H5",NA,0,"0"
"67","Kaimai North East",22,"H7",NA,0,"0"
"68","Kaimai North East",27,"B2",NA,0,"0"
"69","Kaimai North East",27,"B5",NA,0,"0"
"70","Kaimai North East",27,"B7",NA,0,"0"
"71","Kaimai North East",27,"D2",NA,0,"0"
"72","Kaimai North East",27,"D5",NA,0,"0"
"73","Kaimai North East",27,"D7","Copgra",0.01,"1"
"74","Kaimai North East",27,"F2","Daccup",0.003,"1"
"75","Kaimai North East",27,"F5",NA,0,"0"
"76","Kaimai North East",27,"F7",NA,0,"0"
"77","Kaimai North East",27,"H2","Beitaw",0.162,""
"78","Kaimai North East",27,"H5",NA,0,"0"
"79","Kaimai North East",27,"H7",NA,0,"0"
"80","Kaimai North East",31,"B2",NA,0,"0"
"81","Kaimai North East",31,"B5",NA,0,"0"
"82","Kaimai North East",31,"B7",NA,0,"0"
"83","Kaimai North East",31,"D2","Eladen",0.39,"2"
"84","Kaimai North East",31,"D5",NA,0,"0"
"85","Kaimai North East",31,"D7",NA,0,"0"
"86","Kaimai North East",31,"F2","Beitaw",0.72,""
"87","Kaimai North East",31,"F5",NA,0,"0"
"88","Kaimai North East",31,"F7",NA,0,"0"
"89","Kaimai North East",31,"H2","Beitaw",0.9,""
"90","Kaimai North East",31,"H5",NA,0,"0"
"91","Kaimai North East",31,"H7",NA,0,"0"
"92","Kaimai North North",2,"B2","Ixebre",0.02,"1"
"93","Kaimai North North",2,"B5",NA,0,"0"
"94","Kaimai North North",2,"B7","Myraus",0.001,"1"
"95","Kaimai North North",2,"D2","Myraus",0.02,"4"
"96","Kaimai North North",2,"D5",NA,0,"0"
"97","Kaimai North North",2,"D7",NA,0,"0"
"98","Kaimai North North",2,"F2",NA,0,"0"
"99","Kaimai North North",2,"F5","Grilit",0.04,"1"
"100","Kaimai North North",2,"F7",NA,0,"0"
"101","Kaimai North North",2,"H2","Copgra",0.017,"1"
"102","Kaimai North North",2,"H5",NA,0,"0"
"103","Kaimai North North",2,"H7",NA,0,"0"
"104","Kaimai North North",5,"B2",NA,0,"0"
"105","Kaimai North North",5,"B5",NA,0,"0"
"106","Kaimai North North",5,"B7",NA,0,"0"
"107","Kaimai North North",5,"D2","Myraus",0.11,"30"
"108","Kaimai North North",5,"D5",NA,0,"0"
"109","Kaimai North North",5,"D7",NA,0,"0"
"110","Kaimai North North",5,"F2",NA,0,"0"
"111","Kaimai North North",5,"F5",NA,0,"0"
"112","Kaimai North North",5,"F7",NA,0,"0"
"113","Kaimai North North",5,"H2","Copgra",0.11,"8"
"114","Kaimai North North",5,"H5",NA,0,"0"
"115","Kaimai North North",5,"H7",NA,0,"0"
"116","Kaimai North North",8,"B2","Eladen",0.018,"1"
"117","Kaimai North North",8,"B5","Ripsca",0.138,"1"
"118","Kaimai North North",8,"B7",NA,0,"0"
"119","Kaimai North North",8,"D2","Myraus",0.105,"22"
"120","Kaimai North North",8,"D5",NA,0,"0"
"121","Kaimai North North",8,"D7",NA,0,"0"
"122","Kaimai North North",8,"F2",NA,0,"0"
"123","Kaimai North North",8,"F5",NA,0,"0"
"124","Kaimai North North",8,"F7",NA,0,"0"
"125","Kaimai North North",8,"H2","Copgra",0.076,"6"
"126","Kaimai North North",8,"H5",NA,0,"0"
"127","Kaimai North North",8,"H7",NA,0,"0"
"128","Kaimai North North",16,"B2",NA,0,"0"
"129","Kaimai North North",16,"B5",NA,0,"0"
"130","Kaimai North North",16,"B7",NA,0,"0"
"131","Kaimai North North",16,"D2",NA,0,"0"
"132","Kaimai North North",16,"D5",NA,0,"0"
"133","Kaimai North North",16,"D7",NA,0,"0"
"134","Kaimai North North",16,"F2","Eladen",2.44,"5"
"135","Kaimai North North",16,"F5",NA,0,"0"
"136","Kaimai North North",16,"F7",NA,0,"0"
"137","Kaimai North North",16,"H2",NA,0,"0"
"138","Kaimai North North",16,"H5",NA,0,"0"
"139","Kaimai North North",16,"H7",NA,0,"0"
"185","Kaimai South",2,"B2",NA,0,"0"
"186","Kaimai South",2,"B5",NA,0,"0"
"187","Kaimai South",2,"B7",NA,0,"0"
"188","Kaimai South",2,"D2",NA,0,"0"
"189","Kaimai South",2,"D5","Copgra",0.138,"9"
"190","Kaimai South",2,"D5","Ripsca",0.13,"1"
"191","Kaimai South",2,"D5","Prufer",0.292,"1"
"192","Kaimai South",2,"D7",NA,0,"0"
"193","Kaimai South",2,"F2",NA,0,"0"
"194","Kaimai South",2,"F5",NA,0,"0"
"195","Kaimai South",2,"F7","Grilit",0.049,"1"
"196","Kaimai South",2,"H2",NA,0,"0"
"197","Kaimai South",2,"H5",NA,0,"0"
"198","Kaimai South",2,"H7",NA,0,"0"
"199","Kaimai South",5,"B2",NA,0,"0"
"200","Kaimai South",5,"B5",NA,0,"0"
"201","Kaimai South",5,"B7",NA,0,"0"
"202","Kaimai South",5,"D2",NA,0,"0"
"203","Kaimai South",5,"D5","Copgra",0.008,"2"
"204","Kaimai South",5,"D7",NA,0,"0"
"205","Kaimai South",5,"F2",NA,0,"0"
"206","Kaimai South",5,"F5",NA,0,"0"
"207","Kaimai South",5,"F7",NA,0,"0"
"208","Kaimai South",5,"H2",NA,0,"0"
"209","Kaimai South",5,"H5",NA,0,"0"
"210","Kaimai South",5,"H7",NA,0,"0"
"211","Kaimai South",8,"B2",NA,0,"0"
"212","Kaimai South",8,"B5",NA,0,"0"
"213","Kaimai South",8,"B7",NA,0,"0"
"214","Kaimai South",8,"D2","Beitaw",0.488,"1"
"215","Kaimai South",8,"D2","Melram",0.003,"1"
"216","Kaimai South",8,"D5","Copgra",0.041,"3"
"217","Kaimai South",8,"D7",NA,0,"0"
"218","Kaimai South",8,"F2",NA,0,"0"
"219","Kaimai South",8,"F5",NA,0,"0"
"220","Kaimai South",8,"F7",NA,0,"0"
"221","Kaimai South",8,"H2",NA,0,"0"
"222","Kaimai South",8,"H5",NA,0,"0"
"223","Kaimai South",8,"H7",NA,0,"0"
"224","Kaimai South",16,"B2",NA,0,"0"
"225","Kaimai South",16,"B5",NA,0,"0"
"226","Kaimai South",16,"B7","Copgra",0.11,"3"
"227","Kaimai South",16,"D2","Daccup",0.01,"1"
"228","Kaimai South",16,"D2","Ixebre",0.02,"1"
"229","Kaimai South",16,"D5","Copgra",0.26,"10"
"230","Kaimai South",16,"D7",NA,0,"0"
"231","Kaimai South",16,"F2",NA,0,"0"
"232","Kaimai South",16,"F5",NA,0,"0"
"233","Kaimai South",16,"F7","Beitaw",1.72,"1"
"234","Kaimai South",16,"H2",NA,0,"0"
"235","Kaimai South",16,"H5",NA,0,"0"
"236","Kaimai South",16,"H7",NA,0,"0"
"285","Mokihaha South",2,"B2","Eladen",0.211,"1"
"286","Mokihaha South",2,"B2","Eladen",0.136,"0"
"287","Mokihaha South",2,"B2","Myraus",0.009,"1"
"288","Mokihaha South",2,"B5","Grilit",0.012,"1"
"289","Mokihaha South",2,"B7",NA,0,"0"
"290","Mokihaha South",2,"D2",NA,0,"0"
"291","Mokihaha South",2,"D5","Beitaw",0.052,"0"
"292","Mokihaha South",2,"D7",NA,0,"0"
"293","Mokihaha South",2,"F2","Beitaw",0.4,"1"
"294","Mokihaha South",2,"F5",NA,0,"0"
"295","Mokihaha South",2,"F7","Grilit",0.124,"5"
"296","Mokihaha South",2,"H2",NA,0,"0"
"297","Mokihaha South",2,"H5","Beitaw",0.189,"1"
"298","Mokihaha South",2,"H7",NA,0,"0"
"299","Mokihaha South",5,"B2",NA,0,"0"
"300","Mokihaha South",5,"B5","Melram",0.001,"1"
"301","Mokihaha South",5,"B5","Daccup",0.001,"1"
"302","Mokihaha South",5,"B5","Podtot",0.001,"1"
"303","Mokihaha South",5,"B7",NA,0,"0"
"304","Mokihaha South",5,"D2",NA,0,"0"
"305","Mokihaha South",5,"D5",NA,0,"0"
"306","Mokihaha South",5,"D7",NA,0,"0"
"307","Mokihaha South",5,"F2","Myrsal",0.01,"1"
"308","Mokihaha South",5,"F5",NA,0,"0"
"309","Mokihaha South",5,"F7",NA,0,"0"
"310","Mokihaha South",5,"H2",NA,0,"0"
"311","Mokihaha South",5,"H5",NA,0,"0"
"312","Mokihaha South",5,"H7","Beitaw",1.69,"1"
"313","Mokihaha South",8,"B2","Eladen",0.003,"0"
"314","Mokihaha South",8,"B5",NA,0,"0"
"315","Mokihaha South",8,"B7",NA,0,"0"
"316","Mokihaha South",8,"D2",NA,0,"0"
"317","Mokihaha South",8,"D5","Beitaw",0.068,"1"
"318","Mokihaha South",8,"D7",NA,0,"0"
"319","Mokihaha South",8,"F2",NA,0,"0"
"320","Mokihaha South",8,"F5","Beitaw",0.025,"0"
"321","Mokihaha South",8,"F7",NA,0,"0"
"322","Mokihaha South",8,"H2",NA,0,"0"
"323","Mokihaha South",8,"H5",NA,0,"0"
"324","Mokihaha South",8,"H7","Beitaw",0.02,"0"
"325","Mokihaha South",16,"B2","Eladen",4.46,"15"
"326","Mokihaha South",16,"B5",NA,0,"0"
"327","Mokihaha South",16,"B7",NA,0,"0"
"328","Mokihaha South",16,"D2",NA,0,"0"
"329","Mokihaha South",16,"D5","Beitaw",0.53,"1"
"330","Mokihaha South",16,"D7",NA,0,"0"
"331","Mokihaha South",16,"F2",NA,0,"0"
"332","Mokihaha South",16,"F5",NA,0,"0"
"333","Mokihaha South",16,"F7","Eladen",0.56,"1"
"334","Mokihaha South",16,"H2",NA,0,"0"
"335","Mokihaha South",16,"H5","Beitaw",4.42,"3"
"336","Mokihaha South",16,"H7",NA,0,"0"
"337","Mokihaha South",19,"B2",NA,0,"0"
"338","Mokihaha South",19,"B5",NA,0,"0"
"339","Mokihaha South",19,"B7",NA,0,"0"
"340","Mokihaha South",19,"D2",NA,0,"0"
"341","Mokihaha South",19,"D5",NA,0,"0"
"342","Mokihaha South",19,"D7",NA,0,"0"
"343","Mokihaha South",19,"F2",NA,0,"0"
"344","Mokihaha South",19,"F5",NA,0,"0"
"345","Mokihaha South",19,"F7",NA,0,"0"
"346","Mokihaha South",19,"H2","Beitaw",0.25,""
"347","Mokihaha South",19,"H5","Beitaw",0.48,"2"
"348","Mokihaha South",19,"H7",NA,0,"0"
"349","Mokihaha South",22,"B2","Eladen",0.23,"1"
"350","Mokihaha South",22,"B5","Daccup",0.54,"lots"
"351","Mokihaha South",22,"B5","Eladen",0.83,"1"
"352","Mokihaha South",22,"B7",NA,0,"0"
"353","Mokihaha South",22,"D2",NA,0,"0"
"354","Mokihaha South",22,"D5",NA,0,"0"
"355","Mokihaha South",22,"D7",NA,0,"0"
"356","Mokihaha South",22,"F2","Eladen",1.34,"2"
"357","Mokihaha South",22,"F5","Beitaw",4.94,"2"
"358","Mokihaha South",22,"F5","Beitaw",1.76,"2"
"359","Mokihaha South",22,"F7","Copgra",0.51,"8"
"360","Mokihaha South",22,"H2","Beitaw",13.24,"4"
"361","Mokihaha South",22,"H2","Eladen",0.58,"1"
"362","Mokihaha South",22,"H5","Beitaw",14.94,"8"
"363","Mokihaha South",22,"H7","Beitaw",2.38,"2"
"364","Mokihaha South",27,"B2",NA,0,"0"
"365","Mokihaha South",27,"B5",NA,0,"0"
"366","Mokihaha South",27,"B7",NA,0,"0"
"367","Mokihaha South",27,"D2",NA,0,"0"
"368","Mokihaha South",27,"D5",NA,0,"0"
"369","Mokihaha South",27,"D7",NA,0,"0"
"370","Mokihaha South",27,"F2","Ripsca",0.1,"1"
"371","Mokihaha South",27,"F5",NA,0,"0"
"372","Mokihaha South",27,"F7",NA,0,"0"
"373","Mokihaha South",27,"H2",NA,0,"0"
"374","Mokihaha South",27,"H5",NA,0,"0"
"375","Mokihaha South",27,"H7",NA,0,"0"
"376","Mokihaha South",31,"B2",NA,0,"0"
"377","Mokihaha South",31,"B5","Daccup",0.04,"9"
"378","Mokihaha South",31,"B7",NA,0,"0"
"379","Mokihaha South",31,"D2",NA,0,"0"
"380","Mokihaha South",31,"D5",NA,0,"0"
"381","Mokihaha South",31,"D7",NA,0,"0"
"382","Mokihaha South",31,"F2",NA,0,"0"
"383","Mokihaha South",31,"F5",NA,0,"0"
"384","Mokihaha South",31,"F7",NA,0,"0"
"385","Mokihaha South",31,"H2","Beitaw",0.21,"1"
"386","Mokihaha South",31,"H5",NA,0,"0"
"387","Mokihaha South",31,"H7",NA,0,"0"
"388","Mokihaha North",2,"B2",NA,0,"0"
"389","Mokihaha North",2,"B5","Ixebre",0.005,"0"
"390","Mokihaha North",2,"B7",NA,0,"0"
"391","Mokihaha North",2,"D2","Daccup",0.005,"1"
"392","Mokihaha North",2,"D2","Prufer",0.029,"0"
"393","Mokihaha North",2,"D5",NA,0,"0"
"394","Mokihaha North",2,"D7",NA,0,"0"
"395","Mokihaha North",2,"F2",NA,0,"0"
"396","Mokihaha North",2,"F5",NA,0,"0"
"397","Mokihaha North",2,"F7","Melram",0.007,"1"
"398","Mokihaha North",2,"H2",NA,0,"0"
"399","Mokihaha North",2,"H5",NA,0,"0"
"400","Mokihaha North",2,"H7",NA,0,"0"
"401","Mokihaha North",5,"B2",NA,0,"0"
"402","Mokihaha North",5,"B5",NA,0,"0"
"403","Mokihaha North",5,"B7","Daccup",0.01,"6"
"404","Mokihaha North",5,"D2",NA,0,"0"
"405","Mokihaha North",5,"D5",NA,0,"0"
"406","Mokihaha North",5,"D7",NA,0,"0"
"407","Mokihaha North",5,"F2",NA,0,"0"
"408","Mokihaha North",5,"F5",NA,0,"0"
"409","Mokihaha North",5,"F7","Daccup",0.01,"2"
"410","Mokihaha North",5,"H2",NA,0,"0"
"411","Mokihaha North",5,"H5","Daccup",0.01,"1"
"412","Mokihaha North",5,"H7",NA,0,"0"
"413","Mokihaha North",8,"B2",NA,0,"0"
"414","Mokihaha North",8,"B5","Copgra",0.015,"1"
"415","Mokihaha North",8,"B7","Daccup",0.022,"4"
"416","Mokihaha North",8,"D2","Beitaw",0.027,"1"
"417","Mokihaha North",8,"D5","Nescun",0.01,"0"
"418","Mokihaha North",8,"D7",NA,0,"0"
"419","Mokihaha North",8,"F2",NA,0,"0"
"420","Mokihaha North",8,"F5",NA,0,"0"
"421","Mokihaha North",8,"F7",NA,0,"0"
"422","Mokihaha North",8,"H2",NA,0,"0"
"423","Mokihaha North",8,"H5",NA,0,"0"
"424","Mokihaha North",8,"H7","Beitaw",0.06,"0"
"425","Mokihaha North",16,"B2",NA,0,"0"
"426","Mokihaha North",16,"B5",NA,0,"0"
"427","Mokihaha North",16,"B7",NA,0,"0"
"428","Mokihaha North",16,"D2",NA,0,"0"
"429","Mokihaha North",16,"D5",NA,0,"0"
"430","Mokihaha North",16,"D7",NA,0,"0"
"431","Mokihaha North",16,"F2",NA,0,"0"
"432","Mokihaha North",16,"F5",NA,0,"0"
"433","Mokihaha North",16,"F7",NA,0,"0"
"434","Mokihaha North",16,"H2",NA,0,"0"
"435","Mokihaha North",16,"H5",NA,0,"0"
"436","Mokihaha North",16,"H7",NA,0,"0"
"437","Mokihaha North",19,"B2",NA,0,"0"
"438","Mokihaha North",19,"B5","Ripsca",0.19,"1"
"439","Mokihaha North",19,"B7",NA,0,"0"
"440","Mokihaha North",19,"D2",NA,0,"0"
"441","Mokihaha North",19,"D5",NA,0,"0"
"442","Mokihaha North",19,"D7",NA,0,"0"
"443","Mokihaha North",19,"F2",NA,0,"0"
"444","Mokihaha North",19,"F5",NA,0,"0"
"445","Mokihaha North",19,"F7",NA,0,"0"
"446","Mokihaha North",19,"H2",NA,0,"0"
"447","Mokihaha North",19,"H5",NA,0,"0"
"448","Mokihaha North",19,"H7","Beitaw",0.3,"1"
"449","Mokihaha North",22,"B2","Beitaw",2.65,"1"
"450","Mokihaha North",22,"B5","Ripsca",0.47,"1"
"451","Mokihaha North",22,"B5","Beitaw",7.89,"5"
"452","Mokihaha North",22,"B7","Daccup",1.68,"lots"
"453","Mokihaha North",22,"B7","Ripsca",0.57,"1"
"454","Mokihaha North",22,"D2",NA,0,"0"
"455","Mokihaha North",22,"D5",NA,0,"0"
"456","Mokihaha North",22,"D7",NA,0,"0"
"457","Mokihaha North",22,"F2","Beitaw",5.92,"4"
"458","Mokihaha North",22,"F5",NA,0,"0"
"459","Mokihaha North",22,"F7",NA,0,"0"
"460","Mokihaha North",22,"H2",NA,0,"0"
"461","Mokihaha North",22,"H5",NA,0,"0"
"462","Mokihaha North",22,"H7",NA,0,"0"
"463","Mokihaha North",27,"B2",NA,0,"0"
"464","Mokihaha North",27,"B5",NA,0,"0"
"465","Mokihaha North",27,"B7","Daccup",0.26,"118"
"466","Mokihaha North",27,"B7","Ripsca",0.03,"1"
"467","Mokihaha North",27,"D2","Ripsca",0.46,"2"
"468","Mokihaha North",27,"D5",NA,0,"0"
"469","Mokihaha North",27,"D7",NA,0,"0"
"470","Mokihaha North",27,"F2",NA,0,"0"
"471","Mokihaha North",27,"F5",NA,0,"0"
"472","Mokihaha North",27,"F7",NA,0,"0"
"473","Mokihaha North",27,"H2",NA,0,"0"
"474","Mokihaha North",27,"H5",NA,0,"0"
"475","Mokihaha North",27,"H7",NA,0,"0"
"476","Mokihaha North",31,"B2","Beitaw",0.05,""
"477","Mokihaha North",31,"B5",NA,0,"0"
"478","Mokihaha North",31,"B7","Daccup",0.11,"29"
"479","Mokihaha North",31,"D2","Beitaw",0.12,"1"
"480","Mokihaha North",31,"D5",NA,0,"0"
"481","Mokihaha North",31,"D7",NA,0,"0"
"482","Mokihaha North",31,"F2","Beitaw",0.06,"3"
"483","Mokihaha North",31,"F5",NA,0,"0"
"484","Mokihaha North",31,"F7","Beitaw",0.54,""
"485","Mokihaha North",31,"H2",NA,0,"0"
"486","Mokihaha North",31,"H5","Ripsca",0.05,"1"
"487","Mokihaha North",31,"H5","Daccup",0.01,"5"
"488","Mokihaha North",31,"H7","Beitaw",0.26,"6"
"489","Okopeka East",5,"B2","Eladen",0.3,"1"
"490","Okopeka East",5,"B4",NA,0,"0"
"491","Okopeka East",5,"B6",NA,0,"0"
"492","Okopeka East",5,"B8","Beitaw",4.82,"10"
"493","Okopeka East",5,"E2","Beitaw",1.83,"2"
"494","Okopeka East",5,"E4",NA,0,"0"
"495","Okopeka East",5,"E6","Beitaw",4.41,"4"
"496","Okopeka East",5,"E6","Ripsca",0.03,"1"
"497","Okopeka East",5,"E8",NA,0,"0"
"498","Okopeka East",5,"H2",NA,0,"0"
"499","Okopeka East",5,"H4",NA,0,"0"
"500","Okopeka East",5,"H6",NA,0,"0"
"501","Okopeka East",5,"H8","Dacdac",0.07,"2"
"502","Okopeka East",5,"B2",NA,0,"0"
"503","Okopeka East",5,"B4",NA,0,"0"
"504","Okopeka East",5,"B6",NA,0,"0"
"505","Okopeka East",5,"B8",NA,0,"0"
"506","Okopeka East",5,"E2",NA,0,"0"
"507","Okopeka East",5,"E4",NA,0,"0"
"508","Okopeka East",5,"E6",NA,0,"0"
"509","Okopeka East",5,"E8",NA,0,"0"
"510","Okopeka East",5,"H2",NA,0,"0"
"511","Okopeka East",5,"H4",NA,0,"0"
"512","Okopeka East",5,"H6",NA,0,"0"
"513","Okopeka East",5,"H8",NA,0,"0"
"514","Okopeka East",8,"B2","Eladen",0.062,"0"
"515","Okopeka East",8,"B4",NA,0,"0"
"516","Okopeka East",8,"B6",NA,0,"0"
"517","Okopeka East",8,"B8","Melram",0.007,"2"
"518","Okopeka East",8,"E2",NA,0,"0"
"519","Okopeka East",8,"E4","Beitaw",0.05,"0"
"520","Okopeka East",8,"E4","Beitaw",0.017,"0"
"521","Okopeka East",8,"E4","Melram",0.021,"5"
"522","Okopeka East",8,"E6",NA,0,"0"
"523","Okopeka East",8,"E8",NA,0,"0"
"524","Okopeka East",8,"H2","Beitaw",0.006,"0"
"525","Okopeka East",8,"H4","Daccup",0.007,"1"
"526","Okopeka East",8,"H6","Melram",0.009,"4"
"527","Okopeka East",8,"H8",NA,0,"0"
"528","Okopeka East",27,"B4",NA,0,"0"
"529","Okopeka East",27,"B2",NA,0,"0"
"530","Okopeka East",27,"B6",NA,0,"0"
"531","Okopeka East",27,"B8","Beitaw",1.43,"2"
"532","Okopeka East",27,"B8","Beitaw",0.11,""
"533","Okopeka East",27,"E2","Eladen",0.49,"1"
"534","Okopeka East",27,"E4",NA,0,"0"
"535","Okopeka East",27,"E6",NA,0,"0"
"536","Okopeka East",27,"E8","Ripsca",0.28,"1"
"537","Okopeka East",27,"H2","Eladen",1.77,"4"
"538","Okopeka East",27,"H2","Beitaw",0.19,""
"539","Okopeka East",27,"H2","Ripsca",0.28,"1"
"540","Okopeka East",27,"H4",NA,0,"0"
"541","Okopeka East",27,"H6",NA,0,"0"
"542","Okopeka East",27,"H8",NA,0,"0"
"543","Okopeka East",NA,"B2","Beitaw",1.55,"3"
"544","Okopeka East",NA,"B2","Beitaw",0.11,""
"545","Okopeka East",NA,"B4",NA,0,"0"
"546","Okopeka East",NA,"B6",NA,0,"0"
"547","Okopeka East",NA,"B8","Beitaw",3.77,""
"548","Okopeka East",NA,"B8","Beitaw",1.6,""
"549","Okopeka East",NA,"E2",NA,0,"0"
"550","Okopeka East",NA,"E4",NA,0,"0"
"551","Okopeka East",NA,"E6","Beitaw",2.18,""
"552","Okopeka East",NA,"E6","Beitaw",1.09,""
"553","Okopeka East",NA,"E8","Ripsca",0.09,"1"
"554","Okopeka East",NA,"H2","Beitaw",0.39,""
"555","Okopeka East",NA,"H4","Daccup",0.01,"1"
"556","Okopeka East",NA,"H6",NA,0,"0"
"557","Okopeka East",NA,"H8",NA,0,"0"
"558","Okopeka West",5,"B2",NA,0,"0"
"559","Okopeka West",5,"B4",NA,0,"0"
"560","Okopeka West",5,"B6","Beitaw",3.45,"3"
"561","Okopeka West",5,"B8","Beitaw",0.86,"2"
"562","Okopeka West",5,"B8","Ripsca",2.46,"6"
"563","Okopeka West",5,"E2","Ripsca",0.23,"1"
"564","Okopeka West",5,"E4","Ripsca",1.11,"6"
"565","Okopeka West",5,"E4","Beitaw",1.01,"1"
"566","Okopeka West",5,"E6","Ripsca",0.24,"2"
"567","Okopeka West",5,"E8","Ripsca",0.13,"1"
"568","Okopeka West",5,"H2",NA,0,"0"
"569","Okopeka West",5,"H4","Ripsca",0.53,"3"
"570","Okopeka West",5,"H6","Ripsca",0.63,"5"
"571","Okopeka West",5,"H6","Beitaw",0.74,"1"
"572","Okopeka West",5,"H8","Beitaw",0.71,"2"
"573","Okopeka West",5,"B2",NA,0,"0"
"574","Okopeka West",5,"B4",NA,0,"0"
"575","Okopeka West",5,"B6",NA,0,"0"
"576","Okopeka West",5,"B8",NA,0,"0"
"577","Okopeka West",5,"E2",NA,0,"0"
"578","Okopeka West",5,"E4",NA,0,"0"
"579","Okopeka West",5,"E6",NA,0,"0"
"580","Okopeka West",5,"E8",NA,0,"0"
"581","Okopeka West",5,"H2",NA,0,"0"
"582","Okopeka West",5,"H4",NA,0,"0"
"583","Okopeka West",5,"H6",NA,0,"0"
"584","Okopeka West",5,"H8",NA,0,"0"
"585","Okopeka West",8,"B2","Griluc",0.003,"1"
"586","Okopeka West",8,"B4",NA,0,"0"
"587","Okopeka West",8,"B6","Beitaw",2.654,"0"
"588","Okopeka West",8,"B6","Beitaw",0.093,"1"
"589","Okopeka West",8,"B8","Beitaw",0.51,"0"
"590","Okopeka West",8,"E2","Eladen",0.292,"0"
"591","Okopeka West",8,"E4","Copgra",0.079,"9"
"592","Okopeka West",8,"E4","Beitaw",0.04,"0"
"593","Okopeka West",8,"E6","Hedarb",0.216,"1"
"594","Okopeka West",8,"E6","Ripsca",0.458,"3"
"595","Okopeka West",8,"E8",NA,0,"0"
"596","Okopeka West",8,"H2",NA,0,"0"
"597","Okopeka West",8,"H4","Beitaw",0.094,"0"
"598","Okopeka West",8,"H6","Beitaw",0.145,"0"
"599","Okopeka West",8,"H8",NA,0,"0"
"600","Okopeka West",16,"B2","Daccup",0.13,"25"
"601","Okopeka West",16,"B4",NA,0,"0"
"602","Okopeka West",16,"B6",NA,0,"0"
"603","Okopeka West",16,"B8","Beitaw",0.56,""
"604","Okopeka West",16,"B8","Beitaw",0.38,"1"
"605","Okopeka West",16,"E2","Ripsca",0.08,"1"
"606","Okopeka West",16,"E2","Eladen",2.51,"7"
"607","Okopeka West",16,"E2","Eladen",0.79,"2"
"608","Okopeka West",16,"E4","Ripsca",0.9,"8"
"609","Okopeka West",16,"E4","Copgra",0.15,"13"
"610","Okopeka West",16,"E6","Beitaw",1.54,""
"611","Okopeka West",16,"E6","Beitaw",0.63,"2"
"612","Okopeka West",16,"E6","Ripsca",0.08,"1"
"613","Okopeka West",16,"E6","Ripsca",0.65,"2"
"614","Okopeka West",16,"E8",NA,0,"0"
"615","Okopeka West",16,"H2","Ripsca",0.25,"2"
"616","Okopeka West",16,"H2","Eladen",0.52,"2"
"617","Okopeka West",16,"H4","Ripsca",1.7,"14"
"618","Okopeka West",16,"H6","Beitaw",0.81,""
"619","Okopeka West",16,"H6","Beitaw",0.95,"2"
"620","Okopeka West",16,"H8","Ripsca",0.24,"1"
"621","Okopeka West",27,"B2","Ripsca",0.28,"1"
"622","Okopeka West",27,"B4","Beitaw",0.75,"2"
"623","Okopeka West",27,"B4","Ripsca",0.23,"1"
"624","Okopeka West",27,"B6","Ripsca",0.31,"2"
"625","Okopeka West",27,"B8",NA,0,"0"
"626","Okopeka West",27,"E2","Ripsca",0.2,"1"
"627","Okopeka West",27,"E4",NA,0,"0"
"628","Okopeka West",27,"E6","Ripsca",0.07,"1"
"629","Okopeka West",27,"E8",NA,0,"0"
"630","Okopeka West",27,"H2",NA,0,"0"
"631","Okopeka West",27,"H4","Ripsca",0.31,"1"
"632","Okopeka West",27,"H6","Daccup",0.01,"1"
"633","Okopeka West",27,"H8","Ripsca",0.27,"1"
"634","Okopeka West",NA,"B2","Daccup",0.06,"15"
"635","Okopeka West",NA,"B4","Beitaw",3.3,""
"636","Okopeka West",NA,"B4","Beitaw",2.95,""
"637","Okopeka West",NA,"B6","Beitaw",3.62,""
"638","Okopeka West",NA,"B6","Beitaw",3.77,""
"639","Okopeka West",NA,"B8","Beitaw",1.54,""
"640","Okopeka West",NA,"E2",NA,0,"0"
"641","Okopeka West",NA,"E4","Beitaw",2,""
"642","Okopeka West",NA,"E4","Beitaw",2.12,""
"643","Okopeka West",NA,"E6","Beitaw",1.07,""
"644","Okopeka West",NA,"E6","Beitaw",0.47,""
"645","Okopeka West",NA,"E8","Ripsca",0.2,"1"
"646","Okopeka West",NA,"H2",NA,0,"0"
"647","Okopeka West",NA,"H4","Ripsca",0.37,"1"
"648","Okopeka West",NA,"H4","Beitaw",0.1,""
"649","Okopeka West",NA,"H6","Beitaw",2.16,""
"650","Okopeka West",NA,"H6","Beitaw",2.52,"2"
"651","Okopeka West",NA,"H8","Beitaw",1.8,""
"652","Okopeka West",NA,"H8","Beitaw",1.57,"4"
"653","Rata Rd",2,"B2",NA,0,"0"
"654","Rata Rd",2,"B4","Beitaw",1.7,"2"
"655","Rata Rd",2,"B4","Beitaw",2.13,"0"
"656","Rata Rd",2,"B6","Beitaw",0.47,"1"
"657","Rata Rd",2,"D2","Dacdac",0.09,"6"
"658","Rata Rd",2,"D2","Daccup",0.17,"24"
"659","Rata Rd",2,"D2","Beitaw",0.18,"0"
"660","Rata Rd",2,"D4","Beitaw",0.88,"1"
"661","Rata Rd",2,"D4","Beitaw",0.03,"0"
"662","Rata Rd",2,"D6","Beitaw",1.12,"1"
"663","Rata Rd",2,"F2",NA,0,"0"
"664","Rata Rd",2,"F4","Beitaw",5.08,"4"
"665","Rata Rd",2,"F4","Beitaw",1.43,"0"
"666","Rata Rd",2,"F6",NA,0,"0"
"667","Rata Rd",2,"H2","Beitaw",10.2,"11"
"668","Rata Rd",2,"H2","Beitaw",0.4,"0"
"669","Rata Rd",2,"H4","Beitaw",5.907,"8"
"670","Rata Rd",2,"H4","Beitaw",0.81,"0"
"671","Rata Rd",2,"H6","Beitaw",6.654,"7"
"672","Rata Rd",2,"H6","Beitaw",0.26,"0"
"673","Rata Rd",2,"B2",NA,0,"0"
"674","Rata Rd",2,"B4","Dacdac",0.014,"1"
"675","Rata Rd",2,"B6","Dacdac",0.481,"32"
"676","Rata Rd",2,"B6","Beitaw",1.364,"1"
"677","Rata Rd",2,"D2","Beitaw",1.07,"1"
"678","Rata Rd",2,"D2","Dacdac",0.197,"27"
"679","Rata Rd",2,"D2","Psecra",0.006,"1"
"680","Rata Rd",2,"D4","Grilit",0.025,"1"
"681","Rata Rd",2,"D6","Dacdac",0.019,"1"
"682","Rata Rd",2,"F2","Beitaw",0.053,"0"
"683","Rata Rd",2,"F4","Psecra",0.006,"1"
"684","Rata Rd",2,"F6",NA,0,"0"
"685","Rata Rd",2,"H2","Beitaw",1.206,"1"
"686","Rata Rd",2,"H2","Ripsca",0.095,"1"
"687","Rata Rd",2,"H2","Dacdac",0.023,"1"
"688","Rata Rd",2,"H4","Beitaw",0.931,"1"
"689","Rata Rd",2,"H6","Beitaw",1.912,"2"
"690","Rata Rd",5,"B2",NA,0,"0"
"691","Rata Rd",5,"B4",NA,0,"0"
"692","Rata Rd",5,"B6","Daccup",0.015,"4"
"693","Rata Rd",5,"D2","Daccup",0.026,"6"
"694","Rata Rd",5,"D4",NA,0,"0"
"695","Rata Rd",5,"D6",NA,0,"0"
"696","Rata Rd",5,"F2",NA,0,"0"
"697","Rata Rd",5,"F4",NA,0,"0"
"698","Rata Rd",5,"F6",NA,0,"0"
"699","Rata Rd",5,"H2",NA,0,"0"
"700","Rata Rd",5,"H4",NA,0,"0"
"701","Rata Rd",5,"H6",NA,0,"0"
"702","Rata Rd",8,"B2",NA,0,"0"
"703","Rata Rd",8,"B4","Daccup",0.028,"5"
"704","Rata Rd",8,"B6",NA,0,"0"
"705","Rata Rd",8,"D2","Daccup",0.022,"4"
"706","Rata Rd",8,"D4",NA,0,"0"
"707","Rata Rd",8,"D6",NA,0,"0"
"708","Rata Rd",8,"F2",NA,0,"0"
"709","Rata Rd",8,"F4",NA,0,"0"
"710","Rata Rd",8,"F6",NA,0,"0"
"711","Rata Rd",8,"H2",NA,0,"0"
"712","Rata Rd",8,"H4",NA,0,"0"
"713","Rata Rd",8,"H6",NA,0,"0"
"714","Rata Rd",16,"B2",NA,0,"0"
"715","Rata Rd",16,"B4","Eladen",0.28,"1"
"716","Rata Rd",16,"B4","Dacdac",0.05,"1"
"717","Rata Rd",16,"B6","Dacdac",0.32,"16"
"718","Rata Rd",16,"D2","Dacdac",1.36,"46"
"719","Rata Rd",16,"D2","Daccup",0.04,"7"
"720","Rata Rd",16,"D4",NA,0,"0"
"721","Rata Rd",16,"D6",NA,0,"0"
"722","Rata Rd",16,"F2",NA,0,"0"
"723","Rata Rd",16,"F4","Copgra",0.02,"1"
"724","Rata Rd",16,"F6",NA,0,"0"
"725","Rata Rd",16,"H2","Eladen",1.19,"1"
"726","Rata Rd",16,"H2","Eladen",0.05,"2"
"727","Rata Rd",16,"H2","Dacdac",0.04,"1"
"728","Rata Rd",16,"H4","Beitaw",1.68,"2"
"729","Rata Rd",16,"H4","Eladen",0.41,"1"
"730","Rata Rd",16,"H6","Dacdac",0.06,"1"
"731","Rata Rd",16,"B2",NA,0,"0"
"732","Rata Rd",16,"B4","Dacdac",0.3,"12"
"733","Rata Rd",16,"B6","Dacdac",1.84,"59"
"734","Rata Rd",16,"B6","Daccup",0.02,"6"
"735","Rata Rd",16,"D2","Dacdac",2.24,"93"
"736","Rata Rd",16,"D2","Daccup",0.05,"10"
"737","Rata Rd",16,"D4","Dacdac",0.06,"2"
"738","Rata Rd",16,"D6",NA,0,"0"
"739","Rata Rd",16,"F2",NA,0,"0"
"740","Rata Rd",16,"F4",NA,0,"0"
"741","Rata Rd",16,"F6","Prufer",1.58,"3"
"742","Rata Rd",16,"F6","Dacdac",0.01,"3"
"743","Rata Rd",16,"F6","Dacdac",0.04,"1"
"744","Rata Rd",16,"H2","Dacdac",0.03,"1"
"745","Rata Rd",16,"H4",NA,0,"0"
"746","Rata Rd",16,"H6","Dacdac",0.06,""
"747","Rata Rd",19,"B2",NA,0,"0"
"748","Rata Rd",19,"B4","Eladen",0.27,""
"749","Rata Rd",19,"B6","Dacdac",0.29,""
"750","Rata Rd",19,"D2","Dacdac",0.03,""
"751","Rata Rd",19,"D4","Eladen",0.15,"1"
"752","Rata Rd",19,"D6",NA,0,"0"
"753","Rata Rd",19,"F2",NA,0,"0"
"754","Rata Rd",19,"F4","Beitaw",0.98,""
"755","Rata Rd",19,"F4","Eladen",0.04,""
"756","Rata Rd",19,"F6",NA,0,"0"
"757","Rata Rd",19,"H2","Beitaw",1.47,""
"758","Rata Rd",19,"H2","Eladen",0.8,""
"759","Rata Rd",19,"H4","Beitaw",0.93,""
"760","Rata Rd",19,"H6","Beitaw",0.16,""
"761","Rata Rd",22,"B2",NA,0,"0"
"762","Rata Rd",22,"B4","Dacdac",0.49,"4"
"763","Rata Rd",22,"B4","Eladen",2.44,"2"
"764","Rata Rd",22,"B4","Beitaw",28.54,"16"
"765","Rata Rd",22,"B6","Dacsec",0.61,"lots"
"766","Rata Rd",22,"B6","Daccup",0.08,"12"
"767","Rata Rd",22,"B6","Beitaw",2.05,"1"
"768","Rata Rd",22,"D2","Dacsec",1.91,"lots"
"769","Rata Rd",22,"D2","Beitaw",2.82,"2"
"770","Rata Rd",22,"D2","Daccup",0.18,"18"
"771","Rata Rd",22,"D2","Beitaw",10.54,"3"
"772","Rata Rd",22,"D4","Beitaw",2.1,"1"
"773","Rata Rd",22,"D6","Beitaw",1.75,"2"
"774","Rata Rd",22,"F2","Beitaw",0.91,"1"
"775","Rata Rd",22,"F4","Beitaw",45.53,"22"
"776","Rata Rd",22,"F4","Eladen",0.45,"1"
"777","Rata Rd",22,"F6","Daccup",0.1,"4"
"778","Rata Rd",22,"H2","Dacdac",0.39,"7"
"779","Rata Rd",22,"H2","Daccup",0.02,"7"
"780","Rata Rd",22,"H2","Eladen",7.15,"9"
"781","Rata Rd",22,"H2","Beitaw",121.19,"76"
"782","Rata Rd",22,"H4","Beitaw",36.28,"33"
"783","Rata Rd",22,"H4","Eladen",0.3,"1"
"784","Rata Rd",22,"H4","Dacdac",0.39,"9"
"785","Rata Rd",22,"H6","Beitaw",37.4,"27"
"786","Rata Rd",22,"H6","Dacdac",0.08,"2"
"787","Rata Rd",27,"B2",NA,0,"0"
"788","Rata Rd",27,"B4","Dacdac",0.08,"5"
"789","Rata Rd",27,"B6","Daccup",0.15,"35"
"790","Rata Rd",27,"B6","Dacdac",0.09,"6"
"791","Rata Rd",27,"B6","Beitaw",2.8,"1"
"792","Rata Rd",27,"D2","Dacdac",0.72,"47"
"793","Rata Rd",27,"D2","Daccup",0.13,"22"
"794","Rata Rd",27,"D4","Eladen",0.3,"1"
"795","Rata Rd",27,"D6","Beitaw",2,"1"
"796","Rata Rd",27,"F2",NA,0,"0"
"797","Rata Rd",27,"F4","Daccup",0.11,"25"
"798","Rata Rd",27,"F4","Beitaw",1.89,"1"
"799","Rata Rd",27,"F6","Daccup",0.01,"2"
"800","Rata Rd",27,"H2","Beitaw",4.95,"4"
"801","Rata Rd",27,"H2","Daccup",0.04,"8"
"802","Rata Rd",27,"H2","Eladen",0.31,"1"
"803","Rata Rd",27,"H4","Beitaw",20.03,"23"
"804","Rata Rd",27,"H6","Beitaw",1.85,"3"
"805","Rata Rd",31,"B2",NA,0,"0"
"806","Rata Rd",31,"B4",NA,0,"0"
"807","Rata Rd",31,"B6","Daccup",0.05,"12"
"808","Rata Rd",31,"B6","Prutax",0.04,"3"
"809","Rata Rd",31,"D2","Daccup",0.03,"7"
"810","Rata Rd",31,"D2","Prutax",0.11,"10"
"811","Rata Rd",31,"D4",NA,0,"0"
"812","Rata Rd",31,"D6",NA,0,"0"
"813","Rata Rd",31,"F2",NA,0,"0"
"814","Rata Rd",31,"F4","Daccup",0.01,"1"
"815","Rata Rd",31,"F6",NA,0,"0"
"816","Rata Rd",31,"H2","Copgra",0.12,"5"
"817","Rata Rd",31,"H4","Beitaw",1.15,"4"
"818","Rata Rd",31,"H4","Beitaw",0.03,""
"819","Rata Rd",31,"H6",NA,0,"0"
"820","Te Tehi",2,"B4",NA,0,"0"
"821","Te Tehi",2,"B6","Beitaw",5.42,"5"
"822","Te Tehi",2,"B6","Beitaw",2.24,"0"
"823","Te Tehi",2,"B8","Beitaw",4.49,"4"
"824","Te Tehi",2,"B8","Beitaw",0.21,"0"
"825","Te Tehi",2,"D4","Beitaw",18.55,"19"
"826","Te Tehi",2,"D4","Beitaw",0.1,"0"
"827","Te Tehi",2,"D6","Beitaw",8.35,"7"
"828","Te Tehi",2,"D6","Beitaw",1.51,"0"
"829","Te Tehi",2,"D8","Beitaw",6.29,"6"
"830","Te Tehi",2,"D8","Beitaw",2.47,"0"
"831","Te Tehi",2,"D8","Prufer",0.45,"1"
"832","Te Tehi",2,"F4","Beitaw",18.07,"16"
"833","Te Tehi",2,"F4","Beitaw",3.482,"0"
"834","Te Tehi",2,"F6","Beitaw",1.87,"2"
"835","Te Tehi",2,"F8","Beitaw",5.89,"5"
"836","Te Tehi",2,"F8","Beitaw",0.1,"0"
"837","Te Tehi",2,"H4",NA,0,"0"
"838","Te Tehi",2,"H6",NA,0,"0"
"839","Te Tehi",2,"H8","Beitaw",20.95,"22"
"840","Te Tehi",2,"H8","Beitaw",4.57,"0"
"841","Te Tehi",2,"B4","Dacdac",0.027,"1"
"842","Te Tehi",2,"B6","Beitaw",2.799,"2"
"843","Te Tehi",2,"B6","Prufer",0.506,"1"
"844","Te Tehi",2,"B6","Beitaw",0.159,"0"
"845","Te Tehi",2,"B8","Beitaw",2.193,"2"
"846","Te Tehi",2,"D4","Beitaw",20.64,"14"
"847","Te Tehi",2,"D6","Beitaw",3.289,"2"
"848","Te Tehi",2,"D6","Daccup",0.042,"9"
"849","Te Tehi",2,"D8","Beitaw",2.735,"2"
"850","Te Tehi",2,"F4","Beitaw",6.483,"5"
"851","Te Tehi",2,"F4","Beitaw",0.298,"0"
"852","Te Tehi",2,"F6","Beitaw",4.159,"4"
"853","Te Tehi",2,"F6","Prufer",0.238,"1"
"854","Te Tehi",2,"F8","Beitaw",1.706,"1"
"855","Te Tehi",2,"F8","Daccup",0.046,"1"
"856","Te Tehi",2,"F8","Daccup",0.102,"3"
"857","Te Tehi",2,"H4","Beitaw",0.333,"1"
"858","Te Tehi",2,"H4","Beitaw",0.507,"0"
"859","Te Tehi",2,"H4","Dacdac",0.012,"1"
"860","Te Tehi",2,"H6","Beitaw",2.426,"0"
"861","Te Tehi",2,"H6","Beitaw",1.3,"2"
"862","Te Tehi",2,"H8",NA,0,"0"
"863","Te Tehi",8,"B4",NA,0,"0"
"864","Te Tehi",8,"B6","Plutax",0.056,"2"
"865","Te Tehi",8,"B8",NA,0,"0"
"866","Te Tehi",8,"D4",NA,0,"0"
"867","Te Tehi",8,"D6","Daccup",0.007,"1"
"868","Te Tehi",8,"D8","Eladen",3.32,"0"
"869","Te Tehi",8,"F4",NA,0,"0"
"870","Te Tehi",8,"F6","Eladen",0.988,"0"
"871","Te Tehi",8,"F8","Daccup",0.007,"1"
"872","Te Tehi",8,"H4",NA,0,"0"
"873","Te Tehi",8,"H6",NA,0,"0"
"874","Te Tehi",8,"H8",NA,0,"0"
"875","Te Tehi",16,"B4",NA,0,"0"
"876","Te Tehi",16,"B6","Dacdac",0.03,"2"
"877","Te Tehi",16,"B6","Daccup",0.01,"1"
"878","Te Tehi",16,"B8",NA,0,"0"
"879","Te Tehi",16,"D4","Dacdac",0.04,"1"
"880","Te Tehi",16,"D4","Daccup",0.01,"1"
"881","Te Tehi",16,"D4","Ripsca",0.18,"1"
"882","Te Tehi",16,"D6","Beitaw",0.71,"1"
"883","Te Tehi",16,"D8","Eladen",18.98,"18"
"884","Te Tehi",16,"D8","Eladen",4.08,"11"
"885","Te Tehi",16,"F4",NA,0,"0"
"886","Te Tehi",16,"F6","Eladen",0.37,"2"
"887","Te Tehi",16,"F6","Eladen",0.15,"1"
"888","Te Tehi",16,"F6","Eladen",6.26,"12"
"889","Te Tehi",16,"F6","Beitaw",2.29,"1"
"890","Te Tehi",16,"F8","Beitaw",2.02,"1"
"891","Te Tehi",16,"F8","Daccup",0.03,"6"
"892","Te Tehi",16,"H4",NA,0,"0"
"893","Te Tehi",16,"H6",NA,0,"0"
"894","Te Tehi",16,"H8","Daccup",0.01,"1"
"895","Te Tehi",16,"B4","Dacdac",0.03,"1"
"896","Te Tehi",16,"B4","Daccup",0.01,"1"
"897","Te Tehi",16,"B6","Daccup",0.01,"1"
"898","Te Tehi",16,"B8",NA,0,"0"
"899","Te Tehi",16,"D4",NA,0,"0"
"900","Te Tehi",16,"D6",NA,0,"0"
"901","Te Tehi",16,"D8","Prufer",1.63,"3"
"902","Te Tehi",16,"D8","Dacdac",0.07,"18"
"903","Te Tehi",16,"D8","Eladen",0.04,"2"
"904","Te Tehi",16,"F4",NA,0,"0"
"905","Te Tehi",16,"F6",NA,0,"0"
"906","Te Tehi",16,"F8","Eladen",0.32,"1"
"907","Te Tehi",16,"H4",NA,0,"0"
"908","Te Tehi",16,"H6",NA,0,"0"
"909","Te Tehi",16,"H8",NA,0,"0"
"910","Te Tehi",19,"B4",NA,0,"0"
"911","Te Tehi",19,"B6","Beitaw",0.1,"1"
"912","Te Tehi",19,"B6","Beitaw",0.07,"2"
"913","Te Tehi",19,"B6","Prutax",0.3,"9"
"914","Te Tehi",19,"B6","Copgra",0.5,"17"
"915","Te Tehi",19,"B8","Beitaw",0.23,"1"
"916","Te Tehi",19,"D4","Beitaw",0.59,""
"917","Te Tehi",19,"D4","Beitaw",0.8,""
"918","Te Tehi",19,"D6","Beitaw",6.25,""
"919","Te Tehi",19,"D6","Beitaw",2.42,"3"
"920","Te Tehi",19,"D6","Beitaw",1.2,""
"921","Te Tehi",19,"D8","Eladen",1.14,""
"922","Te Tehi",19,"F4","Beitaw",0.37,""
"923","Te Tehi",19,"F4","Beitaw",0.56,""
"924","Te Tehi",19,"F6","Beitaw",0.17,""
"925","Te Tehi",19,"F6","Eladen",0.25,""
"926","Te Tehi",19,"F8","Beitaw",0.85,""
"927","Te Tehi",19,"H4","Beitaw",0.39,"1"
"928","Te Tehi",19,"H6",NA,0,"0"
"929","Te Tehi",19,"H8","Beitaw",0.1,""
"930","Te Tehi",22,"B4",NA,0,"0"
"931","Te Tehi",22,"B6","Ripsca",1.57,"20"
"932","Te Tehi",22,"B6","Daccup",0.16,"17"
"933","Te Tehi",22,"B6","Beitaw",0.13,"1"
"934","Te Tehi",22,"B6","Beitaw",50.87,"26"
"935","Te Tehi",22,"B8","Beitaw",2.68,"2"
"936","Te Tehi",22,"D4","Beitaw",230.48,"128"
"937","Te Tehi",22,"D4","Daccup",0.2,"8"
"938","Te Tehi",22,"D4","Beitaw",0.57,""
"939","Te Tehi",22,"D6","Beitaw",165.89,"116"
"940","Te Tehi",22,"D6","Daccup",0.26,"28"
"941","Te Tehi",22,"D8","Eladen",6.7,"7"
"942","Te Tehi",22,"D8","Beitaw",0.67,""
"943","Te Tehi",22,"D8","Daccup",0.19,"25"
"944","Te Tehi",22,"D8","Beitaw",26.01,"12"
"945","Te Tehi",22,"F4","Beitaw",175.29,"91"
"946","Te Tehi",22,"F4","Daccup",0.16,"14"
"947","Te Tehi",22,"F4","Eladen",0.37,"1"
"948","Te Tehi",22,"F4","Beitaw",0.08,""
"949","Te Tehi",22,"F6","Eladen",1.68,"2"
"950","Te Tehi",22,"F6","Daccup",0.1,"6"
"951","Te Tehi",22,"F6","Beitaw",45.81,"25"
"952","Te Tehi",22,"F6","Beitaw",0.09,"1"
"953","Te Tehi",22,"F8","Daccup",1.03,"83"
"954","Te Tehi",22,"F8","Beitaw",30.15,"27"
"955","Te Tehi",22,"H4","Beitaw",10.05,"4"
"956","Te Tehi",22,"H6","Daccup",0.01,"3"
"957","Te Tehi",22,"H8","Daccup",0.32,"27"
"958","Te Tehi",22,"H8","Beitaw",36.01,"20"
"959","Te Tehi",27,"B4","Daccup",0.01,"2"
"960","Te Tehi",27,"B6","Beitaw",0.64,"1"
"961","Te Tehi",27,"B6","Daccup",0.03,"6"
"962","Te Tehi",27,"B8",NA,0,"0"
"963","Te Tehi",27,"D4","Beitaw",18.77,"16"
"964","Te Tehi",27,"D4","Daccup",0.04,"5"
"965","Te Tehi",27,"D6","Beitaw",4.89,"6"
"966","Te Tehi",27,"D6","Daccup",0.51,"93"
"967","Te Tehi",27,"D8",NA,0,"0"
"968","Te Tehi",27,"F4","Daccup",0.07,"10"
"969","Te Tehi",27,"F4","Eladen",0.85,"2"
"970","Te Tehi",27,"F4","Beitaw",2.14,"1"
"971","Te Tehi",27,"F6",NA,0,"0"
"972","Te Tehi",27,"F8","Beitaw",2.92,"2"
"973","Te Tehi",27,"F8","Daccup",0.19,"37"
"974","Te Tehi",27,"H4","Beitaw",17.71,"11"
"975","Te Tehi",27,"H6",NA,0,"0"
"976","Te Tehi",27,"H8","Daccup",0.03,"4"
"977","Te Tehi",27,"H8","Beitaw",1.26,"1"
"978","Te Tehi",31,"B4",NA,0,"0"
"979","Te Tehi",31,"B6",NA,0,"0"
"980","Te Tehi",31,"B8",NA,0,"0"
"981","Te Tehi",31,"D4",NA,0,"0"
"982","Te Tehi",31,"D6","Daccup",0.22,"45"
"983","Te Tehi",31,"D8","Eladen",2.75,""
"984","Te Tehi",31,"F4","Beitaw",0.86,"1"
"985","Te Tehi",31,"F6",NA,0,"0"
"986","Te Tehi",31,"F8","Daccup",0.03,"10"
"987","Te Tehi",31,"F8","Beitaw",0.03,"1"
"988","Te Tehi",31,"H4","Beitaw",0.38,"1"
"989","Te Tehi",31,"H6",NA,0,"0"
"990","Te Tehi",31,"H8","Beitaw",0.15,"1"
"991","Te Tehi",31,"H8","Beitaw",0.18,"1"
"992","Te Pua",5,"Line B","Ripsca",0.52,"4"
"993","Te Pua",5,"Line B","Beitaw",2.65,"3"
"994","Te Pua",5,"Line D","Beitaw",6.56,"12"
"995","Te Pua",5,"Line F","Beitaw",2.29,"10"
"996","Te Pua",5,"Line F","Ripsca",0.39,"1"
"997","Te Pua",5,"Line F","Beitaw",0.25,""
"998","Te Pua",5,"Line H","Ripsca",0.37,"2"
"999","Te Pua",5,"Line H","Beitaw",1.16,"3"
"1000","Te Pua",5,"B2","Metdif",0.01,"3"
"1001","Te Pua",5,"B4","Ripsca",0.5,"2"
"1002","Te Pua",5,"B6",NA,0,"0"
"1003","Te Pua",5,"D2",NA,0,"0"
"1004","Te Pua",5,"D4","Ripsca",0.18,"1"
"1005","Te Pua",5,"D4","Metdif",0.06,"16"
"1006","Te Pua",5,"D6",NA,0,"0"
"1007","Te Pua",5,"F2","Metdif",0.01,"3"
"1008","Te Pua",5,"F4","Metdif",0.08,"32"
"1009","Te Pua",5,"F6","Eladen",0.18,"33"
"1010","Te Pua",5,"H2","Metdif",0.06,"19"
"1011","Te Pua",5,"H4","Daccup",0.01,"1"
"1012","Te Pua",5,"H6","Metdif",0.14,"28"
"1013","Te Pua",5,"H6","Eladen",0.05,"10"
"1014","Te Pua",8,"B2",NA,0,"0"
"1015","Te Pua",8,"B4",NA,0,"0"
"1016","Te Pua",8,"B6",NA,0,"0"
"1017","Te Pua",8,"D2","Ripsca",0.081,"1"
"1018","Te Pua",8,"D4",NA,0,"0"
"1019","Te Pua",8,"D6",NA,0,"0"
"1020","Te Pua",8,"F2",NA,0,"0"
"1021","Te Pua",8,"F4",NA,0,"0"
"1022","Te Pua",8,"F6","Eladen",0.23,"2"
"1023","Te Pua",8,"F6","Eladen",1.466,"10"
"1024","Te Pua",8,"H2","Myraus",0.006,"1"
"1025","Te Pua",8,"H2","Ripsca",0.614,"4"
"1026","Te Pua",8,"H4","Eladen",0.034,"2"
"1027","Te Pua",8,"H6","Eladen",2.911,"0"
"1028","Te Pua",27,"B2","Beitaw",0.15,""
"1029","Te Pua",27,"B2","Beitaw",0.67,"1"
"1030","Te Pua",27,"B4","Eladen",0.32,"1"
"1031","Te Pua",27,"B4","Ripsca",0.65,"4"
"1032","Te Pua",27,"B6",NA,0,"0"
"1033","Te Pua",27,"D2","Beitaw",0.79,"2"
"1034","Te Pua",27,"D4","Beitaw",1.29,"1"
"1035","Te Pua",27,"D4","Ripsca",0.35,"1"
"1036","Te Pua",27,"D6","Beitaw",1.92,"3"
"1037","Te Pua",27,"D6","Beitaw",0.14,""
"1038","Te Pua",27,"F2",NA,0,"0"
"1039","Te Pua",27,"F4","Beitaw",0.68,""
"1040","Te Pua",27,"F4","Beitaw",4.32,"9"
"1041","Te Pua",27,"F6","Ripsca",0.49,"2"
"1042","Te Pua",27,"F6","Beitaw",0.93,"1"
"1043","Te Pua",27,"H2","Ripsca",0.38,"2"
"1044","Te Pua",27,"H4","Ripsca",7.38,"20"
"1045","Te Pua",27,"H4","Beitaw",4.06,"3"
"1046","Te Pua",27,"H6","Beitaw",1.09,"1"
"1047","Te Pua",31,"B2",NA,0,"0"
"1048","Te Pua",31,"B4","Prutax",0.23,"2"
"1049","Te Pua",31,"B4","Beitaw",0.53,"1"
"1050","Te Pua",31,"B4","Beitaw",0.04,""
"1051","Te Pua",31,"B6",NA,0,"0"
"1052","Te Pua",31,"D2","Beitaw",3.52,""
"1053","Te Pua",31,"D2","Beitaw",3.2,"3"
"1054","Te Pua",31,"D4","Beitaw",0.22,"1"
"1055","Te Pua",31,"D4","Ripsca",0.12,"1"
"1056","Te Pua",31,"D6",NA,0,"0"
"1057","Te Pua",31,"F2","Beitaw",0.78,""
"1058","Te Pua",31,"F2","Beitaw",0.12,""
"1059","Te Pua",31,"F4","Beitaw",1.14,""
"1060","Te Pua",31,"F4","Beitaw",0.49,""
"1061","Te Pua",31,"F6","Eladen",3.6,""
"1062","Te Pua",31,"H2","Beitaw",0.53,""
"1063","Te Pua",31,"H2","Beitaw",0.19,""
"1064","Te Pua",31,"H4","Beitaw",1.13,""
"1065","Te Pua",31,"H4","Beitaw",1.52,""
"1066","Te Pua",31,"H6","Eladen",2.99,""
